event_name,description,object_name,event_time,orbit_number,periap_time,event_data
CONST,Body Constants,BENNU,2020-335T00:00:01.000,0,+00000T00:04:10.964,{"event-data":" 0.000000000000000E+00 8.663880000000000E+01 0.000000000000000E+00 -6.510860000000000E+01 0.000000000000000E+00 8.964560000000000E+01 2.010489449467953E+03 2.460000000000000E-01 2.460000000000000E-01 2.460000000000000E-01 4.888932999740792E-09 "}
NPOLEX,North Polar Minimum Slant Range Crossing,BENNU,2020-335T00:25:37.498,0,+00000T00:33:03.755,{"event-data":" 5.270414633023274E-01 "}
DEQUXT,Descending Equator Crossing w/ True Solar Time,BENNU,2020-335T04:58:57.269,0,+00000T05:00:46.809,{"event-data":" 1.944045017241509E+01 18:09:00 "}
APOAPP,Apoapsis w/ Orbit Period,BENNU,2020-335T10:22:12.074,1,+00000T10:22:19.575,{"event-data":" 8.839296310305964E-01 1.339900311270349E-01 1.800000000000000E+02 1.201416571013720E+02 3.554725273654369E+02 2.580423061547759E+02 9.935175926841923E+01 1.609371000666893E+02 2.624822259206878E+02 3.418088060447124E+08 7.646102459394465E-01 7.467914969759826E+04 "}
SPOLEX,South Polar Minimum Slant Range Crossing,BENNU,2020-335T11:15:47.060,1,+00000T11:11:31.041,{"event-data":" 7.571581972533109E-01 "}
AEQUXT,Ascending Equator Crossing w/ True Solar Time,BENNU,2020-335T17:07:46.969,1,+00000T17:25:00.900,{"event-data":" 2.606348106526549E+02 06:06:36 "}
PERIAP,Periapsis,BENNU,2020-335T20:52:49.642,1,+00000T00:00:00.000,{"event-data":" 8.781017364608565E-01 1.175370284556044E-01 0.000000000000000E+00 1.195226728626896E+02 3.558511647452711E+02 2.586870276484655E+02 9.692147145665349E+01 3.425817173498028E+02 8.078087902204255E+01 3.418194384530615E+08 5.278706273250285E-01 1.029045575822327E+02 1.780538803982569E+02 "}
NPOLEX,North Polar Minimum Slant Range Crossing,BENNU,2020-335T21:23:46.702,1,+00000T00:34:51.649,{"event-data":" 5.260826925825617E-01 "}
DEQUXT,Descending Equator Crossing w/ True Solar Time,BENNU,2020-336T01:57:10.966,1,+00000T05:02:35.266,{"event-data":" 6.173915110000916E+01 18:09:24 "}
APOAPP,Apoapsis w/ Orbit Period,BENNU,2020-336T07:18:03.880,2,+00000T10:21:42.896,{"event-data":" 8.833506765928929E-01 1.345249722889760E-01 1.800000000000000E+02 1.202125351945286E+02 3.559264398959486E+02 2.576387598533205E+02 1.000278831577843E+02 2.080604206518904E+02 2.623177862845819E+02 3.418282494099507E+08 7.637176289746955E-01 7.460579191570732E+04 "}
SPOLEX,South Polar Minimum Slant Range Crossing,BENNU,2020-336T08:14:27.016,2,+00000T11:13:25.127,{"event-data":" 7.566222070490785E-01 "}
AEQUXT,Ascending Equator Crossing w/ True Solar Time,BENNU,2020-336T14:05:26.635,2,+00000T17:26:26.301,{"event-data":" 3.037229680606774E+02 06:07:00 "}
PERIAP,Periapsis,BENNU,2020-336T17:47:27.126,2,+00000T20:32:00.687,{"event-data":" 8.779344926968957E-01 1.184052554756104E-01 0.000000000000000E+00 1.195996960114675E+02 3.563174682948523E+02 2.580952026806063E+02 9.767599150681828E+01 3.177385175427916E+01 8.031899503773963E+01 3.418353806826695E+08 5.282780360664481E-01 1.052799591551970E+02 1.779561562345122E+02 "}
NPOLEX,North Polar Minimum Slant Range Crossing,BENNU,2020-336T18:20:33.169,2,+00000T00:37:15.734,{"event-data":" 5.254536238287884E-01 "}
DEQUXT,Descending Equator Crossing w/ True Solar Time,BENNU,2020-336T22:54:22.853,2,+00000T05:05:40.383,{"event-data":" 1.054756574809329E+02 18:09:49 "}
APOAPP,Apoapsis w/ Orbit Period,MOON,2020-336T23:48:45.381,0,+00000T00:00:00.000,{"event-data":" -1.721760314715050E+00 1.987692644487260E+08 1.800000000000000E+02 2.690787843934915E+01 3.587749638127237E+02 2.619985864499994E+02 1.764946204778872E+02 2.569858717546279E+02 2.683772490443275E+02 3.976773045142201E+05 3.422312921911573E+08 0.000000000000000E+00 "}
APOAPP,Apoapsis w/ Orbit Period,BENNU,2020-337T04:11:54.660,3,+00000T10:21:20.687,{"event-data":" 8.830000365337954E-01 1.349021318018206E-01 1.800000000000000E+02 1.202889775949401E+02 3.563834828984099E+02 2.569493683122329E+02 1.010201718669848E+02 2.584433800773900E+02 2.621076774081195E+02 3.418407345972245E+08 7.618001861117997E-01 7.456137492964343E+04 "}
SPOLEX,South Polar Minimum Slant Range Crossing,BENNU,2020-337T05:12:22.960,3,+00000T11:16:42.409,{"event-data":" 7.560239846756996E-01 "}
AEQUXT,Ascending Equator Crossing w/ True Solar Time,BENNU,2020-337T11:02:06.104,3,+00000T17:28:40.599,{"event-data":" 3.482135806912140E+02 06:07:25 "}
PERIAP,Periapsis,BENNU,2020-337T14:40:23.448,3,+00000T20:31:55.331,{"event-data":" 8.778920826936386E-01 1.193551424049357E-01 0.000000000000000E+00 1.196837619773263E+02 3.567938314108467E+02 2.572907455892795E+02 9.866765844633835E+01 8.365394957381501E+01 7.977819138172634E+01 3.418443934178632E+08 5.331323256249356E-01 1.079803469062875E+02 1.778642867167412E+02 "}
NPOLEX,North Polar Minimum Slant Range Crossing,BENNU,2020-337T15:16:13.140,3,+00000T00:40:18.784,{"event-data":" 5.249717448960732E-01 "}
DEQUXT,Descending Equator Crossing w/ True Solar Time,BENNU,2020-337T19:50:46.171,3,+00000T05:09:32.779,{"event-data":" 1.503419313569195E+02 18:10:13 "}
APOAPP,Apoapsis w/ Orbit Period,BENNU,2020-338T01:04:23.565,4,+00000T10:21:24.286,{"event-data":" 8.830568642513391E-01 1.358279065912295E-01 1.800000000000000E+02 1.203746670840384E+02 3.568451181659350E+02 2.559964021561344E+02 1.023083078943947E+02 3.110393266292047E+02 2.618808307343613E+02 3.418463110939271E+08 7.676982646280208E-01 7.456857292638972E+04 "}
SPOLEX,South Polar Minimum Slant Range Crossing,BENNU,2020-338T02:10:14.360,4,+00000T11:21:42.787,{"event-data":" 7.561441545752521E-01 "}
APOAPP,Apoapsis w/ Orbit Period,EARTH,2020-338T07:33:06.040,0,+00000T00:00:00.000,{"event-data":" -1.448235053342226E+02 2.360437185542560E+06 1.800000000000000E+02 2.689961218779304E+01 3.585968073707326E+02 2.631534275803855E+02 1.532894327311011E+02 3.457291708691313E+02 2.699843698296787E+02 0.000000000000000E+00 3.418402687095829E+08 0.000000000000000E+00 "}
AEQUXT,Ascending Equator Crossing w/ True Solar Time,BENNU,2020-338T07:58:45.527,4,+00000T17:32:54.381,{"event-data":" 3.270193134093419E+01 06:07:48 "}
PERIAP,Periapsis,BENNU,2020-338T11:32:54.192,4,+00000T20:32:22.473,{"event-data":" 8.781069786164447E-01 1.208594208759796E-01 0.000000000000000E+00 1.197759210465798E+02 3.572717680304021E+02 2.563817362559887E+02 9.978589978274491E+01 1.361546875740854E+02 7.922295095499028E+01 3.418465164467623E+08 5.299194314121480E-01 1.108969130925058E+02 1.777696158767377E+02 "}
NPOLEX,North Polar Minimum Slant Range Crossing,BENNU,2020-338T12:11:42.284,4,+00000T00:43:35.671,{"event-data":" 5.243166971121498E-01 "}
DEQUXT,Descending Equator Crossing w/ True Solar Time,BENNU,2020-338T16:47:02.117,4,+00000T05:13:22.842,{"event-data":" 1.953735653247837E+02 18:10:36 "}
APOAPP,Apoapsis w/ Orbit Period,BENNU,2020-338T21:57:08.205,5,+00000T10:21:57.959,{"event-data":" 8.835884532849250E-01 1.375617484721982E-01 1.800000000000000E+02 1.204705591683107E+02 3.573125057296719E+02 2.550037259544025E+02 1.036471102288715E+02 3.148257016625687E+00 2.616886942459527E+02 3.418450067409970E+08 7.712506287013714E-01 7.463591706179135E+04 "}
SPOLEX,South Polar Minimum Slant Range Crossing,BENNU,2020-338T23:08:43.451,5,+00000T11:27:37.750,{"event-data":" 7.573666838443243E-01 "}
AEQUXT,Ascending Equator Crossing w/ True Solar Time,BENNU,2020-339T04:56:26.119,5,+00000T17:38:11.986,{"event-data":" 7.575433974375204E+01 06:08:10 "}
PERIAP,Periapsis,BENNU,2020-339T08:26:42.758,5,+00000T00:00:00.000,{"event-data":" 8.786996450810872E-01 1.232075563086503E-01 0.000000000000000E+00 1.198773032095123E+02 3.577587807407606E+02 2.556141576655180E+02 1.007733593788810E+02 1.864140452394602E+02 7.875084583214813E+01 3.418417551807344E+08 5.267845074505704E-01 1.138185473450853E+02 1.776769385163566E+02 "}
NPOLEX,North Polar Minimum Slant Range Crossing,BENNU,2020-339T09:08:03.662,5,+00000T00:46:20.881,{"event-data":" 5.232474154672835E-01 "}
DEQUXT,Descending Equator Crossing w/ True Solar Time,BENNU,2020-339T13:43:55.995,5,+00000T05:16:25.254,{"event-data":" 2.395092095538437E+02 18:10:57 "}
APOAPP,Apoapsis w/ Orbit Period,BENNU,2020-339T18:51:40.514,6,+00000T10:22:50.716,{"event-data":" 8.844210278384380E-01 1.398664369881171E-01 1.800000000000000E+02 1.205761891020831E+02 3.577966812121562E+02 2.542385281490806E+02 1.047492597295257E+02 5.229870688172019E+01 2.615601189812605E+02 3.418368107988717E+08 7.754403141676185E-01 7.474143213649838E+04 "}
SPOLEX,South Polar Minimum Slant Range Crossing,BENNU,2020-339T20:08:10.861,6,+00000T11:33:04.961,{"event-data":" 7.594663543388220E-01 "}
AEQUXT,Ascending Equator Crossing w/ True Solar Time,BENNU,2020-340T01:55:34.550,6,+00000T17:42:33.031,{"event-data":" 1.167483026212144E+02 06:08:28 "}
PERIAP,Periapsis,BENNU,2020-340T05:22:49.981,6,+00000T00:00:00.000,{"event-data":" 8.791877875860279E-01 1.258068904419570E-01 0.000000000000000E+00 1.199854426388881E+02 3.582642074082385E+02 2.551645104243000E+02 1.014419474849370E+02 2.328125209324499E+02 7.841268378440773E+01 3.418300819323237E+08 5.376051940986484E-01 1.165436467317598E+02 1.775932376843400E+02 "}
NPOLEX,North Polar Minimum Slant Range Crossing,BENNU,2020-340T06:05:51.254,6,+00000T00:48:07.006,{"event-data":" 5.217630223942017E-01 "}
DEQUXT,Descending Equator Crossing w/ True Solar Time,BENNU,2020-340T10:41:51.301,6,+00000T05:18:19.368,{"event-data":" 2.821991003860834E+02 18:11:13 "}
APOAPP,Apoapsis w/ Orbit Period,BENNU,2020-340T15:48:29.764,7,+00000T10:23:33.255,{"event-data":" 8.850920577074449E-01 1.423815778081480E-01 1.800000000000000E+02 1.206880963743797E+02 3.583052395767588E+02 2.538318659896897E+02 1.054753765773557E+02 9.773692737742905E+01 2.614903781272471E+02 3.418216904567624E+08 7.791911989211073E-01 7.482651024492542E+04 "}
SPOLEX,South Polar Minimum Slant Range Crossing,BENNU,2020-340T17:08:24.781,7,+00000T11:37:00.061,{"event-data":" 7.617679967094210E-01 "}
AEQUXT,Ascending Equator Crossing w/ True Solar Time,BENNU,2020-340T22:55:50.275,7,+00000T17:45:38.429,{"event-data":" 1.561625436426783E+02 06:08:43 "}
PERIAP,Periapsis,BENNU,2020-341T02:20:57.300,7,+00000T20:34:35.015,{"event-data":" 8.791560076824364E-01 1.279919471495283E-01 0.000000000000000E+00 1.200953151132108E+02 3.587845464623568E+02 2.550072164327041E+02 1.018137465401991E+02 2.759203448766130E+02 7.818752415308461E+01 3.418114660388210E+08 5.307736280723488E-01 1.189830390219477E+02 1.775158643661583E+02 "}
NPOLEX,North Polar Minimum Slant Range Crossing,BENNU,2020-341T03:04:52.474,7,+00000T00:49:01.785,{"event-data":" 5.200616869641831E-01 "}
DEQUXT,Descending Equator Crossing w/ True Solar Time,BENNU,2020-341T07:40:37.225,7,+00000T05:18:56.256,{"event-data":" 3.236972192579867E+02 18:11:27 "}
APOAPP,Apoapsis w/ Orbit Period,BENNU,2020-341T12:46:55.697,8,+00000T10:23:42.175,{"event-data":" 8.852327308786568E-01 1.446557415770831E-01 1.800000000000000E+02 1.208005116867939E+02 3.588331545035196E+02 2.537433189463045E+02 1.058644234436561E+02 1.404995576423220E+02 2.614555564196645E+02 3.417996217664641E+08 7.808741930647585E-01 7.484434991588625E+04 "}
SPOLEX,South Polar Minimum Slant Range Crossing,BENNU,2020-341T14:08:46.714,8,+00000T11:39:03.921,{"event-data":" 7.635028083805312E-01 "}
AEQUXT,Ascending Equator Crossing w/ True Solar Time,BENNU,2020-341T19:56:16.382,8,+00000T17:47:31.637,{"event-data":" 1.953229904925999E+02 06:08:56 "}
PERIAP,Periapsis,BENNU,2020-341T23:19:47.453,8,+00000T20:33:36.631,{"event-data":" 8.786939958888126E-01 1.296014000909042E-01 0.000000000000000E+00 1.202038741954586E+02 3.593128690368050E+02 2.549944077758693E+02 1.020418268728243E+02 3.178120142013985E+02 7.801883402412126E+01 3.417859023144028E+08 5.199238477385151E-01 1.212016642783768E+02 1.774399499247138E+02 "}
NPOLEX,North Polar Minimum Slant Range Crossing,BENNU,2020-342T00:04:15.015,8,+00000T00:49:33.399,{"event-data":" 5.184148616415332E-01 "}
DEQUXT,Descending Equator Crossing w/ True Solar Time,BENNU,2020-342T04:39:33.590,8,+00000T05:18:48.294,{"event-data":" 4.942438803780887E+00 18:11:39 "}
APOAPP,Apoapsis w/ Orbit Period,BENNU,2020-342T09:45:33.785,9,+00000T10:23:15.804,{"event-data":" 8.848167998224089E-01 1.462531745454158E-01 1.800000000000000E+02 1.209096560864920E+02 3.593714113518638E+02 2.538144656682538E+02 1.060801760922734E+02 1.827386972304353E+02 2.614266063142247E+02 3.417706107822657E+08 7.815462020983552E-01 7.479160712042937E+04 "}
SPOLEX,South Polar Minimum Slant Range Crossing,BENNU,2020-342T11:08:28.636,9,+00000T11:39:43.408,{"event-data":" 7.641699691898781E-01 "}
AEQUXT,Ascending Equator Crossing w/ True Solar Time,BENNU,2020-342T16:55:45.653,9,+00000T17:48:32.015,{"event-data":" 2.357966848229672E+02 06:09:06 "}
PERIAP,Periapsis,BENNU,2020-342T20:17:46.616,9,+00000T00:00:00.000,{"event-data":" 8.781896366316406E-01 1.308372225725023E-01 0.000000000000000E+00 1.203121124829374E+02 3.598504844015642E+02 2.549665742819351E+02 1.022968861729319E+02 9.267174588171241E-01 7.784822701198136E+01 3.417534181815465E+08 5.213245016092583E-01 1.234062825855881E+02 1.773668607859619E+02 "}
NPOLEX,North Polar Minimum Slant Range Crossing,BENNU,2020-342T21:02:51.441,9,+00000T00:50:12.225,{"event-data":" 5.170649892437233E-01 "}
DEQUXT,Descending Equator Crossing w/ True Solar Time,BENNU,2020-343T01:37:50.068,9,+00000T05:19:01.261,{"event-data":" 4.710932087729599E+01 18:11:49 "}
APOAPP,Apoapsis w/ Orbit Period,BENNU,2020-343T06:42:52.210,10,+00000T10:22:31.036,{"event-data":" 8.841105047846367E-01 1.470476293537715E-01 1.800000000000000E+02 1.210164614054958E+02 3.599159499257972E+02 2.538326037627874E+02 1.063498058067061E+02 2.268229050776319E+02 2.613785086196829E+02 3.417346949651348E+08 7.779946770260893E-01 7.470207265772120E+04 "}
SPOLEX,South Polar Minimum Slant Range Crossing,BENNU,2020-343T08:06:56.647,10,+00000T11:40:01.486,{"event-data":" 7.637894091447759E-01 "}
AEQUXT,Ascending Equator Crossing w/ True Solar Time,BENNU,2020-343T13:53:33.560,10,+00000T17:48:54.529,{"event-data":" 2.786236822477848E+02 06:09:15 "}
PERIAP,Periapsis,BENNU,2020-343T17:13:45.953,10,+00000T20:31:45.641,{"event-data":" 8.778153621309421E-01 1.318087001178651E-01 0.000000000000000E+00 1.204229092205824E+02 4.045713826752069E-01 2.548041532146646E+02 1.027111102436249E+02 4.703834979443180E+01 7.763302793768381E+01 3.417140581768672E+08 5.204331474973617E-01 1.258392112464033E+02 1.773016143264954E+02 "}
NPOLEX,North Polar Minimum Slant Range Crossing,BENNU,2020-343T17:59:52.453,10,+00000T00:51:21.089,{"event-data":" 5.161438058012520E-01 "}
DEQUXT,Descending Equator Crossing w/ True Solar Time,BENNU,2020-343T22:34:52.231,10,+00000T05:20:31.705,{"event-data":" 9.100225280589939E+01 18:11:58 "}
APOAPP,Apoapsis w/ Orbit Period,BENNU,2020-344T03:37:54.658,11,+00000T10:21:51.236,{"event-data":" 8.834823419876988E-01 1.474651900678528E-01 1.800000000000000E+02 1.211254417858002E+02 4.677473350913920E-01 2.536081066630878E+02 1.068819280916377E+02 2.742738192968471E+02 2.612995426546055E+02 3.416919209143992E+08 7.751524167283889E-01 7.462247277756716E+04 "}
SPOLEX,South Polar Minimum Slant Range Crossing,BENNU,2020-344T05:04:12.617,11,+00000T11:41:17.508,{"event-data":" 7.629710365839197E-01 "}
AEQUXT,Ascending Equator Crossing w/ True Solar Time,BENNU,2020-344T10:49:46.618,11,+00000T17:49:22.808,{"event-data":" 3.236573355677666E+02 06:09:24 "}
PERIAP,Periapsis,BENNU,2020-344T14:07:32.856,11,+00000T20:31:01.950,{"event-data":" 8.774693658268754E-01 1.325641950311117E-01 0.000000000000000E+00 1.205374685091486E+02 9.709281351299949E-01 2.544245755800653E+02 1.033712824417868E+02 9.652223818252979E+01 7.734878436076227E+01 3.416678526604907E+08 5.295720576043593E-01 1.285906684504647E+02 1.772396224028821E+02 "}
NPOLEX,North Polar Minimum Slant Range Crossing,BENNU,2020-344T14:55:17.165,11,+00000T00:53:10.737,{"event-data":" 5.155765515263525E-01 "}
DEQUXT,Descending Equator Crossing w/ True Solar Time,BENNU,2020-344T19:30:43.366,11,+00000T05:23:02.205,{"event-data":" 1.365467720652661E+02 18:12:07 "}
APOAPP,Apoapsis w/ Orbit Period,BENNU,2020-345T00:31:00.952,12,+00000T10:21:36.790,{"event-data":" 8.832542848818512E-01 1.482663225094688E-01 1.800000000000000E+02 1.212404514046760E+02 1.024293157574090E+00 2.530944256924580E+02 1.077302070558417E+02 3.246817934666213E+02 2.612012705576737E+02 3.416423003846771E+08 7.786954508391792E-01 7.459358071135519E+04 "}
SPOLEX,South Polar Minimum Slant Range Crossing,BENNU,2020-345T02:00:58.297,12,+00000T11:44:24.217,{"event-data":" 7.626453499573602E-01 "}
AEQUXT,Ascending Equator Crossing w/ True Solar Time,BENNU,2020-345T07:45:26.179,12,+00000T17:51:36.600,{"event-data":" 9.468775734881856E+00 06:09:33 "}
PERIAP,Periapsis,BENNU,2020-345T11:00:10.426,12,+00000T00:00:00.000,{"event-data":" 8.775327904668463E-01 1.338336437568608E-01 0.000000000000000E+00 1.206571474980881E+02 1.537383070196573E+00 2.538580727262663E+02 1.042342343046046E+02 1.478008794643492E+02 7.700882628614922E+01 3.416147785643081E+08 5.186755396367403E-01 1.315586961060920E+02 1.771695355554697E+02 "}
NPOLEX,North Polar Minimum Slant Range Crossing,BENNU,2020-345T11:50:00.502,12,+00000T00:55:26.541,{"event-data":" 5.150471051018053E-01 "}
DEQUXT,Descending Equator Crossing w/ True Solar Time,BENNU,2020-345T16:26:07.022,12,+00000T05:25:50.801,{"event-data":" 1.827249222811118E+02 18:12:15 "}
APOAPP,Apoapsis w/ Orbit Period,BENNU,2020-345T21:23:51.081,13,+00000T10:22:04.309,{"event-data":" 8.836886839269760E-01 1.498041038658896E-01 1.800000000000000E+02 1.213637250887228E+02 1.585970745627794E+00 2.524703090707163E+02 1.087053148209471E+02 1.555287987440722E+01 2.611138836662047E+02 3.415857735464522E+08 7.864136361421076E-01 7.464861700938005E+04 "}
SPOLEX,South Polar Minimum Slant Range Crossing,BENNU,2020-345T22:58:12.505,13,+00000T11:49:01.195,{"event-data":" 7.634955260754360E-01 "}
AEQUXT,Ascending Equator Crossing w/ True Solar Time,BENNU,2020-346T04:41:54.746,13,+00000T17:55:55.507,{"event-data":" 5.412819302264018E+01 06:09:39 "}
PERIAP,Periapsis,BENNU,2020-346T07:53:42.105,13,+00000T20:32:42.446,{"event-data":" 8.782650997280785E-01 1.361366548930849E-01 0.000000000000000E+00 1.207854544700795E+02 2.116218101001536E+00 2.533640092397032E+02 1.050204866293050E+02 1.976429857014104E+02 7.668940468147177E+01 3.415547392589934E+08 5.215548922773151E-01 1.346224303892098E+02 1.770977995433850E+02 "}
NPOLEX,North Polar Minimum Slant Range Crossing,BENNU,2020-346T08:45:23.876,13,+00000T00:57:23.344,{"event-data":" 5.141995546744819E-01 "}
DEQUXT,Descending Equator Crossing w/ True Solar Time,BENNU,2020-346T13:22:03.094,13,+00000T05:28:04.800,{"event-data":" 2.281350032330875E+02 18:12:20 "}
APOAPP,Apoapsis w/ Orbit Period,BENNU,2020-346T18:18:18.843,14,+00000T10:23:04.854,{"event-data":" 8.846440729309321E-01 1.519764436825244E-01 1.800000000000000E+02 1.214965499697412E+02 2.167406177751487E+00 2.520115462394566E+02 1.095202124445396E+02 6.402341443209856E+01 2.610618730791094E+02 3.415222330810891E+08 7.917676200111873E-01 7.476970785609724E+04 "}
SPOLEX,South Polar Minimum Slant Range Crossing,BENNU,2020-346T19:56:35.539,14,+00000T11:53:44.007,{"event-data":" 7.655209626484523E-01 "}
AEQUXT,Ascending Equator Crossing w/ True Solar Time,BENNU,2020-347T01:40:05.644,14,+00000T18:00:00.121,{"event-data":" 9.638775555477147E+01 06:09:41 "}
PERIAP,Periapsis,BENNU,2020-347T04:49:42.600,14,+00000T20:34:13.417,{"event-data":" 8.789851099422927E-01 1.387587884056109E-01 0.000000000000000E+00 1.209200411405462E+02 2.718907266961925E+00 2.531794841216941E+02 1.054803980897566E+02 2.436109699805905E+02 7.645746266411849E+01 3.414876222700388E+08 5.277366655060192E-01 1.375895063698221E+02 1.770319900541449E+02 "}
NPOLEX,North Polar Minimum Slant Range Crossing,BENNU,2020-347T05:42:26.289,14,+00000T00:58:25.446,{"event-data":" 5.129159939810810E-01 "}
DEQUXT,Descending Equator Crossing w/ True Solar Time,BENNU,2020-347T10:19:13.279,14,+00000T05:29:17.393,{"event-data":" 2.718013913977122E+02 18:12:20 "}
APOAPP,Apoapsis w/ Orbit Period,BENNU,2020-347T15:15:18.520,15,+00000T10:24:02.015,{"event-data":" 8.855455814292229E-01 1.544719364328358E-01 1.800000000000000E+02 1.216352954802454E+02 2.778012760519671E+00 2.518883405304297E+02 1.099968802239590E+02 1.087175613738775E+02 2.610478624426148E+02 3.414515921191421E+08 7.933250560797322E-01 7.488402959094434E+04 "}
SPOLEX,South Polar Minimum Slant Range Crossing,BENNU,2020-347T16:56:07.391,15,+00000T11:57:07.111,{"event-data":" 7.680541779296901E-01 "}
AEQUXT,Ascending Equator Crossing w/ True Solar Time,BENNU,2020-347T22:39:53.730,15,+00000T18:02:30.969,{"event-data":" 1.363685665392671E+02 06:09:40 "}
PERIAP,Periapsis,BENNU,2020-348T01:48:14.114,15,+00000T00:00:00.000,{"event-data":" 8.791184357954479E-01 1.409135041821430E-01 0.000000000000000E+00 1.210545044918547E+02 3.340730339990326E+00 2.533091440228479E+02 1.056106509841644E+02 2.857063558954248E+02 7.631607924931825E+01 3.414133805699939E+08 5.185749251045227E-01 1.403160972529815E+02 1.769701996331621E+02 "}
NPOLEX,North Polar Minimum Slant Range Crossing,BENNU,2020-348T02:41:11.365,15,+00000T00:58:34.567,{"event-data":" 5.113429673819632E-01 "}
DEQUXT,Descending Equator Crossing w/ True Solar Time,BENNU,2020-348T07:17:37.959,15,+00000T05:29:09.498,{"event-data":" 3.137165056792819E+02 18:12:17 "}
APOAPP,Apoapsis w/ Orbit Period,BENNU,2020-348T12:14:24.433,16,+00000T10:24:24.678,{"event-data":" 8.859028866553627E-01 1.567600723276782E-01 1.800000000000000E+02 1.217726670655271E+02 3.412582673407301E+00 2.520993977714506E+02 1.101300102412094E+02 1.502260583338642E+02 2.610558847296036E+02 3.413738362478476E+08 7.924378041309084E-01 7.492935614635362E+04 "}
SPOLEX,South Polar Minimum Slant Range Crossing,BENNU,2020-348T13:56:09.766,16,+00000T11:58:31.548,{"event-data":" 7.701692247493529E-01 "}
AEQUXT,Ascending Equator Crossing w/ True Solar Time,BENNU,2020-348T19:40:21.565,16,+00000T18:03:35.462,{"event-data":" 1.754092176349541E+02 06:09:35 "}
PERIAP,Periapsis,BENNU,2020-348T22:48:03.000,16,+00000T20:33:40.632,{"event-data":" 8.787256588598001E-01 1.424211262264781E-01 0.000000000000000E+00 1.211846219923872E+02 3.973558506200523E+00 2.536197547662697E+02 1.055544522692137E+02 3.258160718594730E+02 7.623052498070817E+01 3.413320592497559E+08 5.111787241650962E-01 1.428096263263368E+02 1.769086743466038E+02 "}
NPOLEX,North Polar Minimum Slant Range Crossing,BENNU,2020-348T23:40:47.895,16,+00000T00:58:15.883,{"event-data":" 5.097493440626709E-01 "}
DEQUXT,Descending Equator Crossing w/ True Solar Time,BENNU,2020-349T04:16:35.990,16,+00000T05:28:03.683,{"event-data":" 3.548419862167808E+02 18:12:11 "}
APOAPP,Apoapsis w/ Orbit Period,BENNU,2020-349T09:14:11.752,17,+00000T10:24:05.279,{"event-data":" 8.855970507845706E-01 1.583007592905355E-01 1.800000000000000E+02 1.219035394079487E+02 4.062199596522508E+00 2.525149296114729E+02 1.100481910095545E+02 1.905860392120674E+02 2.610633418538998E+02 3.412890386307133E+08 7.983920043744814E-01 7.489055825894192E+04 "}
SPOLEX,South Polar Minimum Slant Range Crossing,BENNU,2020-349T10:55:44.215,17,+00000T11:58:10.419,{"event-data":" 7.711638671188590E-01 "}
AEQUXT,Ascending Equator Crossing w/ True Solar Time,BENNU,2020-349T16:40:08.326,17,+00000T18:03:31.365,{"event-data":" 2.153942344412690E+02 06:09:28 "}
PERIAP,Periapsis,BENNU,2020-349T19:47:26.180,17,+00000T00:00:00.000,{"event-data":" 8.781849147377248E-01 1.434544185898029E-01 0.000000000000000E+00 1.213107476818291E+02 4.619108005630356E+00 2.539679929128709E+02 1.054700950076884E+02 6.504847802087701E+00 7.616039820195465E+01 3.412437763589804E+08 5.120098113787981E-01 1.452544298858456E+02 1.768488166790719E+02 "}
NPOLEX,North Polar Minimum Slant Range Crossing,BENNU,2020-349T20:39:56.477,17,+00000T00:57:57.767,{"event-data":" 5.084087000134043E-01 "}
DEQUXT,Descending Equator Crossing w/ True Solar Time,BENNU,2020-350T01:15:05.556,17,+00000T05:26:57.823,{"event-data":" 3.662081471780694E+01 18:12:03 "}
APOAPP,Apoapsis w/ Orbit Period,BENNU,2020-350T06:12:55.652,18,+00000T10:23:16.148,{"event-data":" 8.848222276308157E-01 1.588915422267868E-01 1.800000000000000E+02 1.220277388233523E+02 4.722275515818878E+00 2.529385407684052E+02 1.099555067216381E+02 2.323515400212396E+02 2.610512804000987E+02 3.411973396187782E+08 7.898071873079682E-01 7.479229532244455E+04 "}
SPOLEX,South Polar Minimum Slant Range Crossing,BENNU,2020-350T07:53:59.261,18,+00000T11:56:56.698,{"event-data":" 7.708726712942645E-01 "}
AEQUXT,Ascending Equator Crossing w/ True Solar Time,BENNU,2020-350T13:38:07.811,18,+00000T18:02:49.906,{"event-data":" 2.578677139324225E+02 06:09:19 "}
PERIAP,Periapsis,BENNU,2020-350T16:44:55.088,18,+00000T00:00:00.000,{"event-data":" 8.776496384971522E-01 1.440365675842173E-01 0.000000000000000E+00 1.214350329715962E+02 5.284258768648597E+00 2.542373785920416E+02 1.054901291788622E+02 4.996753079619019E+01 7.607166397649860E+01 3.411486799682748E+08 5.070844256856589E-01 1.478873499767446E+02 1.767936439712794E+02 "}
NPOLEX,North Polar Minimum Slant Range Crossing,BENNU,2020-350T17:37:27.577,18,+00000T00:58:02.976,{"event-data":" 5.075303295403015E-01 "}
DEQUXT,Descending Equator Crossing w/ True Solar Time,BENNU,2020-350T22:12:15.642,18,+00000T05:27:00.330,{"event-data":" 8.024412139751711E+01 18:11:54 "}
APOAPP,Apoapsis w/ Orbit Period,BENNU,2020-351T03:09:18.051,19,+00000T10:22:20.754,{"event-data":" 8.839482391837905E-01 1.588848485363300E-01 1.800000000000000E+02 1.221489596815469E+02 5.391879605498766E+00 2.531701088560171E+02 1.100666848733267E+02 2.774826378134556E+02 2.610115032562691E+02 3.410988929144857E+08 7.859437978069290E-01 7.468150788594727E+04 "}
SPOLEX,South Polar Minimum Slant Range Crossing,BENNU,2020-351T04:50:39.455,19,+00000T11:56:09.888,{"event-data":" 7.697899463150032E-01 "}
AEQUXT,Ascending Equator Crossing w/ True Solar Time,BENNU,2020-351T10:34:04.922,19,+00000T18:01:46.524,{"event-data":" 3.031860882800004E+02 06:09:09 "}
PERIAP,Periapsis,BENNU,2020-351T13:39:50.088,19,+00000T20:30:06.032,{"event-data":" 8.770264448862277E-01 1.441218223939851E-01 0.000000000000000E+00 1.215580420011922E+02 5.963631094522644E+00 2.543063503484306E+02 1.057457062343265E+02 9.724991591951151E+01 7.593036560207105E+01 3.410468927505586E+08 5.208130802960848E-01 1.507927410786369E+02 1.767383651992113E+02 "}
NPOLEX,North Polar Minimum Slant Range Crossing,BENNU,2020-351T14:32:59.346,19,+00000T00:58:47.528,{"event-data":" 5.071580384838870E-01 "}
DEQUXT,Descending Equator Crossing w/ True Solar Time,BENNU,2020-351T19:07:55.302,19,+00000T05:28:12.951,{"event-data":" 1.259702661733495E+02 18:11:45 "}
APOAPP,Apoapsis w/ Orbit Period,BENNU,2020-352T00:03:15.564,20,+00000T10:21:46.458,{"event-data":" 8.834069022605996E-01 1.590352754614968E-01 1.800000000000000E+02 1.222711126053350E+02 6.066208648400189E+00 2.531094222589687E+02 1.104917621735422E+02 3.261542289799378E+02 2.609526347434266E+02 3.409937828540060E+08 7.928683882186098E-01 7.461291506734793E+04 "}
SPOLEX,South Polar Minimum Slant Range Crossing,BENNU,2020-352T01:46:20.396,20,+00000T11:57:05.891,{"event-data":" 7.689018302786087E-01 "}
AEQUXT,Ascending Equator Crossing w/ True Solar Time,BENNU,2020-352T07:28:52.363,20,+00000T18:01:53.788,{"event-data":" 3.501253220795258E+02 06:08:59 "}
PERIAP,Periapsis,BENNU,2020-352T10:32:52.077,20,+00000T20:29:42.761,{"event-data":" 8.768420837801263E-01 1.445432551638229E-01 0.000000000000000E+00 1.216813383944928E+02 6.641283835206110E+00 2.541212586468082E+02 1.062814107935090E+02 1.474115672204130E+02 7.571909432221088E+01 3.409384409462802E+08 5.098064883834739E-01 1.538591513897410E+02 1.766715027538923E+02 "}
NPOLEX,North Polar Minimum Slant Range Crossing,BENNU,2020-352T11:27:17.150,20,+00000T01:00:08.826,{"event-data":" 5.070425755086624E-01 "}
DEQUXT,Descending Equator Crossing w/ True Solar Time,BENNU,2020-352T16:02:44.255,20,+00000T05:30:02.473,{"event-data":" 1.728722853668706E+02 18:11:34 "}
APOAPP,Apoapsis w/ Orbit Period,BENNU,2020-352T20:56:19.261,21,+00000T10:22:00.470,{"event-data":" 8.836280951285592E-01 1.598190092192288E-01 1.800000000000000E+02 1.223974742742965E+02 6.743673219527407E+00 2.528716833348823E+02 1.111130953669322E+02 1.620812737433669E+01 2.608987127616895E+02 3.408819582615065E+08 7.959648216175955E-01 7.464093988411497E+04 "}
SPOLEX,South Polar Minimum Slant Range Crossing,BENNU,2020-352T22:42:11.562,21,+00000T11:59:58.988,{"event-data":" 7.691420519847412E-01 "}
AEQUXT,Ascending Equator Crossing w/ True Solar Time,BENNU,2020-353T04:24:05.628,21,+00000T18:04:35.475,{"event-data":" 3.645574105082512E+01 06:08:47 "}
PERIAP,Periapsis,BENNU,2020-353T07:26:12.059,21,+00000T00:00:00.000,{"event-data":" 8.775836545075050E-01 1.461227240541592E-01 0.000000000000000E+00 1.218102637014817E+02 7.330314566094830E+00 2.539221736933251E+02 1.068324939679103E+02 1.971220559950565E+02 7.549561363785887E+01 3.408232009497932E+08 5.147158431300631E-01 1.570277035612796E+02 1.765957108039125E+02 "}
NPOLEX,North Polar Minimum Slant Range Crossing,BENNU,2020-353T08:21:53.054,21,+00000T01:01:26.498,{"event-data":" 5.067564115671163E-01 "}
DEQUXT,Descending Equator Crossing w/ True Solar Time,BENNU,2020-353T12:57:52.306,21,+00000T05:31:35.454,{"event-data":" 2.193178032557329E+02 18:11:21 "}
APOAPP,Apoapsis w/ Orbit Period,BENNU,2020-353T17:50:38.332,22,+00000T10:23:00.897,{"event-data":" 8.845816434673984E-01 1.612797739922845E-01 1.800000000000000E+02 1.225306352531796E+02 7.439646997833834E+00 2.527225794769687E+02 1.116598739716255E+02 6.450874488173120E+01 2.608729969845972E+02 3.407632796031030E+08 7.997822985076730E-01 7.476179323166331E+04 "}
SPOLEX,South Polar Minimum Slant Range Crossing,BENNU,2020-353T19:39:12.786,22,+00000T12:03:35.190,{"event-data":" 7.707837678887823E-01 "}
AEQUXT,Ascending Equator Crossing w/ True Solar Time,BENNU,2020-354T01:21:04.242,22,+00000T18:08:12.388,{"event-data":" 8.031553882969361E+01 06:08:32 "}
PERIAP,Periapsis,BENNU,2020-354T04:21:57.427,22,+00000T20:33:11.513,{"event-data":" 8.784951906496457E-01 1.481630037725677E-01 0.000000000000000E+00 1.219431453052117E+02 8.045155642729359E+00 2.540043958164232E+02 1.070836377174728E+02 2.431553002651039E+02 7.533815204148050E+01 3.407010137012831E+08 5.189786938488318E-01 1.601238803804692E+02 1.765176767860883E+02 "}
NPOLEX,North Polar Minimum Slant Range Crossing,BENNU,2020-354T05:18:10.125,22,+00000T01:01:56.357,{"event-data":" 5.060615472949772E-01 "}
DEQUXT,Descending Equator Crossing w/ True Solar Time,BENNU,2020-354T09:54:19.268,22,+00000T05:32:15.781,{"event-data":" 2.639079514842801E+02 18:11:04 "}
APOAPP,Apoapsis w/ Orbit Period,BENNU,2020-354T14:47:35.045,23,+00000T10:24:08.975,{"event-data":" 8.856553157232381E-01 1.631644323351318E-01 1.800000000000000E+02 1.226673703866014E+02 8.166124930649064E+00 2.528750345801105E+02 1.119118939895300E+02 1.090301507430150E+02 2.608809794039606E+02 3.406376462498376E+08 8.010703265891091E-01 7.489794914661961E+04 "}
SPOLEX,South Polar Minimum Slant Range Crossing,BENNU,2020-354T16:37:39.603,23,+00000T12:06:11.241,{"event-data":" 7.732443741064371E-01 "}
AEQUXT,Ascending Equator Crossing w/ True Solar Time,BENNU,2020-354T22:20:03.715,23,+00000T18:10:12.678,{"event-data":" 1.213437961469440E+02 06:08:12 "}
PERIAP,Periapsis,BENNU,2020-355T01:20:37.749,23,+00000T00:00:00.000,{"event-data":" 8.788282721209595E-01 1.497480601432251E-01 0.000000000000000E+00 1.220729498691350E+02 8.781452416830046E+00 2.544154005000566E+02 1.069855540552061E+02 2.848172353537476E+02 7.526545822783164E+01 3.405718506728060E+08 5.111588227465940E-01 1.629707357682228E+02 1.764385281146303E+02 "}
NPOLEX,North Polar Minimum Slant Range Crossing,BENNU,2020-355T02:16:32.682,23,+00000T01:01:31.990,{"event-data":" 5.050396906600800E-01 "}
DEQUXT,Descending Equator Crossing w/ True Solar Time,BENNU,2020-355T06:52:20.881,23,+00000T05:31:36.173,{"event-data":" 3.062763468047178E+02 18:10:43 "}
APOAPP,Apoapsis w/ Orbit Period,BENNU,2020-355T11:47:04.573,24,+00000T10:24:45.664,{"event-data":" 8.862336814775147E-01 1.649050487341081E-01 1.800000000000000E+02 1.227997232572751E+02 8.918994021619897E+00 2.533732892149840E+02 1.118149228288752E+02 1.498351291764539E+02 2.609086287845934E+02 3.405050886131634E+08 8.003298732053372E-01 7.497132782923740E+04 "}
SPOLEX,South Polar Minimum Slant Range Crossing,BENNU,2020-355T13:36:59.486,24,+00000T12:06:46.960,{"event-data":" 7.754827377153902E-01 "}
AEQUXT,Ascending Equator Crossing w/ True Solar Time,BENNU,2020-355T19:20:12.641,24,+00000T18:10:31.012,{"event-data":" 1.607396244640210E+02 06:07:50 "}
PERIAP,Periapsis,BENNU,2020-355T22:21:09.784,24,+00000T00:00:00.000,{"event-data":" 8.785509727521097E-01 1.506187317501414E-01 0.000000000000000E+00 1.221945328536021E+02 9.529482262093618E+00 2.550389502454584E+02 1.066636646174867E+02 3.236987984675738E+02 7.525351852435750E+01 3.404358469388053E+08 5.047305451649098E-01 1.655329776198653E+02 1.763574001385198E+02 "}
NPOLEX,North Polar Minimum Slant Range Crossing,BENNU,2020-355T23:16:16.893,24,+00000T01:00:35.169,{"event-data":" 5.039452086157298E-01 "}
DEQUXT,Descending Equator Crossing w/ True Solar Time,BENNU,2020-356T03:51:20.887,24,+00000T05:29:48.962,{"event-data":" 3.472707498012351E+02 18:10:19 "}
APOAPP,Apoapsis w/ Orbit Period,BENNU,2020-356T08:47:47.849,25,+00000T10:24:36.298,{"event-data":" 8.860860628417800E-01 1.658899853779309E-01 1.800000000000000E+02 1.229215318233687E+02 9.688900992613883E+00 2.541149005680763E+02 1.114654757636637E+02 1.887708637989013E+02 2.609340997547451E+02 3.403657812597699E+08 8.062155708319647E-01 7.495259681422713E+04 "}
SPOLEX,South Polar Minimum Slant Range Crossing,BENNU,2020-356T10:36:10.081,25,+00000T12:05:21.988,{"event-data":" 7.766180175476219E-01 "}
AEQUXT,Ascending Equator Crossing w/ True Solar Time,BENNU,2020-356T16:20:03.611,25,+00000T18:09:24.179,{"event-data":" 2.005411669331583E+02 06:07:24 "}
PERIAP,Periapsis,BENNU,2020-356T19:21:46.968,25,+00000T00:00:00.000,{"event-data":" 8.780257289776655E-01 1.509282523114912E-01 0.000000000000000E+00 1.223073368352276E+02 1.028962045385651E+01 2.557416321901560E+02 1.062663971935258E+02 2.404141658363619E+00 7.526962650900768E+01 3.402932452387314E+08 5.053200674333918E-01 1.679640218126994E+02 1.762752936698294E+02 "}
NPOLEX,North Polar Minimum Slant Range Crossing,BENNU,2020-356T20:15:57.986,25,+00000T00:59:32.775,{"event-data":" 5.030590783512447E-01 "}
DEQUXT,Descending Equator Crossing w/ True Solar Time,BENNU,2020-357T00:50:11.582,25,+00000T05:27:44.349,{"event-data":" 2.847174550212029E+01 18:09:53 "}
APOAPP,Apoapsis w/ Orbit Period,BENNU,2020-357T05:47:53.112,26,+00000T10:23:48.573,{"event-data":" 8.853336262407003E-01 1.658403105037643E-01 1.800000000000000E+02 1.230314455931542E+02 1.046985562370497E+01 2.549185367030899E+02 1.110473384446471E+02 2.284926286134080E+02 2.609395795229580E+02 3.402199922328205E+08 7.969189145103189E-01 7.485714597959687E+04 "}
SPOLEX,South Polar Minimum Slant Range Crossing,BENNU,2020-357T07:34:08.072,26,+00000T12:02:40.398,{"event-data":" 7.763190589600698E-01 "}
AEQUXT,Ascending Equator Crossing w/ True Solar Time,BENNU,2020-357T13:18:14.937,26,+00000T18:07:34.322,{"event-data":" 2.426534334977990E+02 06:06:57 "}
PERIAP,Periapsis,BENNU,2020-357T16:20:47.239,26,+00000T00:00:00.000,{"event-data":" 8.774385366462949E-01 1.507000553722198E-01 0.000000000000000E+00 1.224126514152499E+02 1.106808710582723E+01 2.564120792859790E+02 1.059225486041118E+02 4.341984491069000E+01 7.528480234400335E+01 3.401443170890368E+08 5.073651413998651E-01 1.704782437918670E+02 1.761932269343447E+02 "}
NPOLEX,North Polar Minimum Slant Range Crossing,BENNU,2020-357T17:14:12.008,26,+00000T00:58:46.843,{"event-data":" 5.026236480425498E-01 "}
DEQUXT,Descending Equator Crossing w/ True Solar Time,BENNU,2020-357T21:47:48.886,26,+00000T05:26:33.803,{"event-data":" 7.137510485355325E+01 18:09:25 "}
APOAPP,Apoapsis w/ Orbit Period,BENNU,2020-358T02:45:45.932,27,+00000T10:22:45.127,{"event-data":" 8.843328494911359E-01 1.650001203305643E-01 1.800000000000000E+02 1.231322028202685E+02 1.125945498381856E+01 2.555837475907483E+02 1.107714730427891E+02 2.712928088330521E+02 2.609179014450404E+02 3.400679929484234E+08 7.892688683063824E-01 7.473025463481493E+04 "}
SPOLEX,South Polar Minimum Slant Range Crossing,BENNU,2020-358T04:30:21.962,27,+00000T11:59:57.198,{"event-data":" 7.749477884995220E-01 "}
AEQUXT,Ascending Equator Crossing w/ True Solar Time,BENNU,2020-358T10:14:11.583,27,+00000T18:05:12.681,{"event-data":" 2.878962376932486E+02 06:06:28 "}
PERIAP,Periapsis,BENNU,2020-358T13:17:09.944,27,+00000T20:29:25.864,{"event-data":" 8.767082086764731E-01 1.498203819444420E-01 0.000000000000000E+00 1.225109005597201E+02 1.186168214120852E+01 2.569194565383478E+02 1.057783826145797E+02 8.828889849784092E+01 7.526492901507842E+01 3.399892820653555E+08 5.150511187076028E-01 1.731802891244514E+02 1.761088049358646E+02 "}
NPOLEX,North Polar Minimum Slant Range Crossing,BENNU,2020-358T14:10:17.814,27,+00000T00:58:35.236,{"event-data":" 5.027620591260585E-01 "}
DEQUXT,Descending Equator Crossing w/ True Solar Time,BENNU,2020-358T18:43:46.652,27,+00000T05:26:37.441,{"event-data":" 1.165941330706731E+02 18:08:58 "}
APOAPP,Apoapsis w/ Orbit Period,BENNU,2020-358T23:40:59.252,28,+00000T10:21:55.760,{"event-data":" 8.835537462111389E-01 1.640784009182862E-01 1.800000000000000E+02 1.232278538435101E+02 1.205281202856778E+01 2.559727562595565E+02 1.107867530314929E+02 3.179014745531006E+02 2.608764380024257E+02 3.399099424324663E+08 7.974563850406183E-01 7.463151959230211E+04 "}
SPOLEX,South Polar Minimum Slant Range Crossing,BENNU,2020-359T01:25:14.832,28,+00000T11:58:38.758,{"event-data":" 7.734598751624178E-01 "}
AEQUXT,Ascending Equator Crossing w/ True Solar Time,BENNU,2020-359T07:08:30.611,28,+00000T18:03:22.365,{"event-data":" 3.354117720631011E+02 06:06:00 "}
PERIAP,Periapsis,BENNU,2020-359T10:11:10.327,28,+00000T20:28:29.560,{"event-data":" 8.762620353268114E-01 1.489518912870299E-01 0.000000000000000E+00 1.226036059156428E+02 1.265210455523150E+01 2.571479220133618E+02 1.059493831592075E+02 1.367453859230856E+02 7.517617490283060E+01 3.398282139810894E+08 5.081027211255935E-01 1.759704880632418E+02 1.760150849816264E+02 "}
NPOLEX,North Polar Minimum Slant Range Crossing,BENNU,2020-359T11:04:44.829,28,+00000T00:59:05.442,{"event-data":" 5.033161246373943E-01 "}
DEQUXT,Descending Equator Crossing w/ True Solar Time,BENNU,2020-359T15:38:34.318,28,+00000T05:27:30.504,{"event-data":" 1.634434486002286E+02 18:08:30 "}
APOAPP,Apoapsis w/ Orbit Period,BENNU,2020-359T20:34:44.510,29,+00000T10:21:52.521,{"event-data":" 8.835026160280909E-01 1.636738199624293E-01 1.800000000000000E+02 1.233221677764250E+02 1.284534549603365E+01 2.561334299402906E+02 1.110479333332127E+02 6.685400783445059E+00 2.608360658110943E+02 3.397457890058253E+08 7.978356726155624E-01 7.462504143282166E+04 "}
SPOLEX,South Polar Minimum Slant Range Crossing,BENNU,2020-359T22:19:55.833,29,+00000T11:59:27.772,{"event-data":" 7.729298614595322E-01 "}
AEQUXT,Ascending Equator Crossing w/ True Solar Time,BENNU,2020-360T04:02:47.252,29,+00000T18:04:01.179,{"event-data":" 2.297993852294768E+01 06:05:32 "}
PERIAP,Periapsis,BENNU,2020-360T07:04:47.362,29,+00000T20:29:41.821,{"event-data":" 8.768346335142875E-01 1.492069235411613E-01 0.000000000000000E+00 1.226964754871283E+02 1.344636000149945E+01 2.572686419381728E+02 1.062382741232121E+02 1.858213758336930E+02 7.505251945929723E+01 3.396609457852653E+08 5.053490450012187E-01 1.787720479813218E+02 1.759089476432843E+02 "}
NPOLEX,North Polar Minimum Slant Range Crossing,BENNU,2020-360T07:59:03.275,29,+00000T00:59:47.254,{"event-data":" 5.038504943892056E-01 "}
DEQUXT,Descending Equator Crossing w/ True Solar Time,BENNU,2020-360T12:33:22.358,29,+00000T05:28:24.350,{"event-data":" 2.102761261262181E+02 18:08:00 "}
APOAPP,Apoapsis w/ Orbit Period,BENNU,2020-360T17:29:13.666,30,+00000T10:22:43.606,{"event-data":" 8.843088398161164E-01 1.639482161448614E-01 1.800000000000000E+02 1.234181957037391E+02 1.364940845841340E+01 2.563030528895180E+02 1.113165323564468E+02 5.450983848595886E+01 2.608192456416301E+02 3.395753170152683E+08 8.023365328448854E-01 7.472721126101559E+04 "}
SPOLEX,South Polar Minimum Slant Range Crossing,BENNU,2020-360T19:15:36.763,30,+00000T12:01:30.077,{"event-data":" 7.738787922577262E-01 "}
AEQUXT,Ascending Equator Crossing w/ True Solar Time,BENNU,2020-361T00:58:37.534,30,+00000T18:06:35.415,{"event-data":" 6.835391221437888E+01 06:05:00 "}
PERIAP,Periapsis,BENNU,2020-361T04:00:29.491,30,+00000T00:00:00.000,{"event-data":" 8.778349823577175E-01 1.501515391823514E-01 0.000000000000000E+00 1.227893368142775E+02 1.426251353347205E+01 2.576186285450108E+02 1.062766505415829E+02 2.317594605654086E+02 7.497715411873445E+01 3.394872014493126E+08 5.147199256115788E-01 1.814355961658577E+02 1.757934372240011E+02 "}
NPOLEX,North Polar Minimum Slant Range Crossing,BENNU,2020-361T04:54:50.743,30,+00000T00:59:50.194,{"event-data":" 5.040298462779325E-01 "}
DEQUXT,Descending Equator Crossing w/ True Solar Time,BENNU,2020-361T09:29:22.004,30,+00000T05:28:34.631,{"event-data":" 2.554266651693242E+02 18:07:28 "}
APOAPP,Apoapsis w/ Orbit Period,BENNU,2020-361T14:26:12.283,31,+00000T10:23:55.209,{"event-data":" 8.854382662057970E-01 1.647259211370628E-01 1.800000000000000E+02 1.235137206112034E+02 1.447979931170705E+01 2.567309769735662E+02 1.113377429608831E+02 9.882294830417312E+01 2.608340868364453E+02 3.393983301642247E+08 8.016837206086213E-01 7.487041772319404E+04 "}
SPOLEX,South Polar Minimum Slant Range Crossing,BENNU,2020-361T16:12:48.309,31,+00000T12:02:55.576,{"event-data":" 7.758985399456790E-01 "}
AEQUXT,Ascending Equator Crossing w/ True Solar Time,BENNU,2020-361T21:56:38.120,31,+00000T18:07:51.818,{"event-data":" 1.106777123147028E+02 06:04:25 "}
PERIAP,Periapsis,BENNU,2020-362T00:59:17.218,31,+00000T20:32:57.138,{"event-data":" 8.783814063250792E-01 1.507867692424501E-01 0.000000000000000E+00 1.228756848889456E+02 1.509928020250933E+01 2.583114685110676E+02 1.059408564497957E+02 2.730734207120480E+02 7.498538410918178E+01 3.393068698507882E+08 5.103895970778299E-01 1.837951820946457E+02 1.756729411559776E+02 "}
NPOLEX,North Polar Minimum Slant Range Crossing,BENNU,2020-362T01:52:52.087,31,+00000T00:58:56.320,{"event-data":" 5.038619771734058E-01 "}
DEQUXT,Descending Equator Crossing w/ True Solar Time,BENNU,2020-362T06:27:04.706,31,+00000T05:27:28.154,{"event-data":" 2.981615088381234E+02 18:06:52 "}
APOAPP,Apoapsis w/ Orbit Period,BENNU,2020-362T11:26:01.272,32,+00000T10:24:43.229,{"event-data":" 8.861952958654072E-01 1.654854591956668E-01 1.800000000000000E+02 1.236013456612310E+02 1.533548518067850E+01 2.575164101795544E+02 1.110009339743807E+02 1.390677695952878E+02 2.608691845206158E+02 3.392148066832684E+08 8.005946122884111E-01 7.496645701038804E+04 "}
SPOLEX,South Polar Minimum Slant Range Crossing,BENNU,2020-362T13:11:09.009,32,+00000T12:02:25.863,{"event-data":" 7.779414405542183E-01 "}
AEQUXT,Ascending Equator Crossing w/ True Solar Time,BENNU,2020-362T18:56:11.403,32,+00000T18:07:15.861,{"event-data":" 1.508297610403712E+02 06:03:47 "}
PERIAP,Periapsis,BENNU,2020-362T22:00:27.070,32,+00000T20:32:40.263,{"event-data":" 8.782478223229855E-01 1.506671863692227E-01 0.000000000000000E+00 1.229498924579883E+02 1.594580063962224E+01 2.592601959895841E+02 1.053242754274800E+02 3.108521660687732E+02 7.506404298746020E+01 3.391200810994330E+08 5.054709606447997E-01 1.858069661576994E+02 1.755509821939931E+02 "}
NPOLEX,North Polar Minimum Slant Range Crossing,BENNU,2020-362T22:52:38.415,32,+00000T00:57:21.918,{"event-data":" 5.035801437743875E-01 "}
DEQUXT,Descending Equator Crossing w/ True Solar Time,BENNU,2020-363T03:26:06.134,32,+00000T05:25:04.739,{"event-data":" 3.390502991682922E+02 18:06:13 "}
APOAPP,Apoapsis w/ Orbit Period,BENNU,2020-363T08:27:37.355,33,+00000T10:24:45.600,{"event-data":" 8.862326781389173E-01 1.655929594990569E-01 1.800000000000000E+02 1.236743901990578E+02 1.620657797383582E+01 2.585933650015318E+02 1.103618092287391E+02 1.766879645634834E+02 2.609036454229154E+02 3.390249323807988E+08 8.051300149103463E-01 7.497120051246892E+04 "}
SPOLEX,South Polar Minimum Slant Range Crossing,BENNU,2020-363T10:09:41.301,33,+00000T11:59:46.115,{"event-data":" 7.790015512173930E-01 "}
AEQUXT,Ascending Equator Crossing w/ True Solar Time,BENNU,2020-363T15:55:53.723,33,+00000T18:05:05.411,{"event-data":" 1.907606219341602E+02 06:03:07 "}
PERIAP,Periapsis,BENNU,2020-363T19:02:17.785,33,+00000T20:31:37.786,{"event-data":" 8.777531594897715E-01 1.498963834541639E-01 0.000000000000000E+00 1.230103008381852E+02 1.679841098505580E+01 2.603304847985073E+02 1.045757737071368E+02 3.475621617902639E+02 7.518403224067802E+01 3.389271283316047E+08 5.025680821866858E-01 1.875855943528154E+02 1.754292925275809E+02 "}
NPOLEX,North Polar Minimum Slant Range Crossing,BENNU,2020-363T19:52:49.946,33,+00000T00:55:33.263,{"event-data":" 5.034676826573170E-01 "}
DEQUXT,Descending Equator Crossing w/ True Solar Time,BENNU,2020-364T00:25:22.410,33,+00000T05:22:06.194,{"event-data":" 1.958451345548000E+01 18:05:32 "}
APOAPP,Apoapsis w/ Orbit Period,BENNU,2020-364T05:29:12.108,34,+00000T10:24:05.144,{"event-data":" 8.855949252747628E-01 1.646783320714615E-01 1.800000000000000E+02 1.237304341145784E+02 1.708486822502657E+01 2.597969324290407E+02 1.095823718836058E+02 2.142195487029651E+02 2.609197384380325E+02 3.388290309697430E+08 7.971995051928057E-01 7.489028864334116E+04 "}
SPOLEX,South Polar Minimum Slant Range Crossing,BENNU,2020-364T07:07:19.431,34,+00000T11:55:30.878,{"event-data":" 7.785900153933875E-01 "}
AEQUXT,Ascending Equator Crossing w/ True Solar Time,BENNU,2020-364T12:54:17.632,34,+00000T18:02:00.213,{"event-data":" 2.325097329092761E+02 06:02:25 "}
PERIAP,Periapsis,BENNU,2020-364T16:03:01.774,34,+00000T20:30:26.206,{"event-data":" 8.771862505819755E-01 1.485880545746765E-01 0.000000000000000E+00 1.230574428560118E+02 1.766134656859411E+01 2.614051098552254E+02 1.038314764304824E+02 2.581751582046674E+01 7.531678868247251E+01 3.387283522600142E+08 5.068191864514239E-01 1.893196760390021E+02 1.753077225444610E+02 "}
NPOLEX,North Polar Minimum Slant Range Crossing,BENNU,2020-364T16:51:57.786,34,+00000T00:53:53.132,{"event-data":" 5.037736725128743E-01 "}
DEQUXT,Descending Equator Crossing w/ True Solar Time,BENNU,2020-364T21:58:03.717,34,+00000T06:13:35.007,{"event-data":" 1.527840629533018E+01 18:12:14 "}
APOAPP,Apoapsis w/ Orbit Period,BENNU,2020-365T04:13:49.862,35,+00000T12:27:58.094,{"event-data":" 9.992198379348898E-01 2.717385891617356E-01 1.800000000000000E+02 1.245170506991057E+02 1.601170222772161E+01 2.507368173962661E+02 1.192491289011992E+02 1.175633681783828E+02 2.632525171077704E+02 3.386104102074766E+08 1.042222137681529E+00 8.975618749744592E+04 "}
SPOLEX,South Polar Minimum Slant Range Crossing,BENNU,2020-365T07:32:11.946,35,+00000T15:39:13.931,{"event-data":" 9.736869974173789E-01 "}
AEQUXT,Ascending Equator Crossing w/ True Solar Time,BENNU,2020-365T14:13:23.559,35,+00000T22:40:38.176,{"event-data":" 2.714778913498828E+02 06:07:29 "}
PERIAP,Periapsis,BENNU,2020-365T16:47:50.320,35,+00000T00:00:00.000,{"event-data":" 9.867629840335039E-01 2.595897281152088E-01 0.000000000000000E+00 1.238435863221184E+02 1.715584821562672E+01 2.522242802945759E+02 1.130724710246858E+02 1.170393923830236E+02 7.206081757270013E+01 3.384866465543898E+08 5.092246739270930E-01 1.874162643223273E+02 1.743407597171645E+02 "}
NPOLEX,North Polar Minimum Slant Range Crossing,BENNU,2020-365T17:54:45.620,35,+00000T01:10:47.685,{"event-data":" 5.014503369209500E-01 "}
DEQUXT,Descending Equator Crossing w/ True Solar Time,BENNU,2020-365T22:59:19.516,35,+00000T06:12:23.186,{"event-data":" 7.731893332949328E+01 18:09:56 "}
APOAPP,Apoapsis w/ Orbit Period,BENNU,2020-366T05:14:50.505,36,+00000T12:26:32.427,{"event-data":" 9.979478469269855E-01 2.697488795107314E-01 1.800000000000000E+02 1.248421864930867E+02 1.759169835626304E+01 2.517919698263742E+02 1.190619212117384E+02 1.809176290678245E+02 2.632301931132579E+02 3.383619646738042E+08 1.035740947578923E+00 8.958485474737934E+04 "}
SPOLEX,South Polar Minimum Slant Range Crossing,BENNU,2020-366T08:30:13.453,36,+00000T15:35:04.263,{"event-data":" 9.722863504901843E-01 "}
AEQUXT,Ascending Equator Crossing w/ True Solar Time,BENNU,2020-366T15:11:48.463,36,+00000T22:36:23.409,{"event-data":" 3.374902502829300E+02 06:05:09 "}
PERIAP,Periapsis,BENNU,2020-366T17:47:17.654,36,+00001T00:26:54.403,{"event-data":" 9.862506002050374E-01 2.574714026386069E-01 0.000000000000000E+00 1.241502498815000E+02 1.872065073313123E+01 2.531178963906447E+02 1.129874789043887E+02 1.824731585907172E+02 7.201570565320007E+01 3.382343036175837E+08 4.918768074456954E-01 1.942379286571285E+02 1.740155479545489E+02 "}
NPOLEX,North Polar Minimum Slant Range Crossing,BENNU,2020-366T18:54:07.658,36,+00000T01:10:38.510,{"event-data":" 5.032432152245663E-01 "}
DEQUXT,Descending Equator Crossing w/ True Solar Time,BENNU,2020-366T23:54:09.447,36,+00000T05:41:24.502,{"event-data":" 1.469864461406714E+02 18:02:11 "}
APOAPP,Apoapsis w/ Orbit Period,BENNU,2021-001T07:32:25.782,37,+00000T13:18:03.110,{"event-data":" 1.043341168306477E+00 1.446686456199739E-01 1.800000000000000E+02 1.185455213424456E+02 1.941191759443020E+01 2.781437087652529E+02 9.080983502049889E+01 7.633983409184523E+01 8.649280991080268E+01 3.380919360870897E+08 9.511819394633434E-01 9.576621915941655E+04 "}
SPOLEX,South Polar Minimum Slant Range Crossing,BENNU,2021-001T07:52:37.306,37,+00000T13:37:17.699,{"event-data":" 9.518860906094226E-01 "}
AEQUXT,Ascending Equator Crossing w/ True Solar Time,BENNU,2021-001T15:40:43.622,37,+00000T21:44:27.143,{"event-data":" 8.359288337235456E+01 05:58:21 "}
PERIAP,Periapsis,BENNU,2021-001T20:54:54.520,37,+00001T02:25:23.688,{"event-data":" 1.038669159740499E+00 1.327843347167960E-01 0.000000000000000E+00 1.175184383825430E+02 1.963065015483399E+01 2.777884611251238E+02 9.109811513116614E+01 2.278855496841538E+01 8.626183239943659E+01 3.379511068567731E+08 6.524945544229610E-01 9.386179407318370E+00 1.794338965993338E+02 "}
NPOLEX,North Polar Minimum Slant Range Crossing,BENNU,2021-001T21:07:55.594,37,+00000T00:14:08.281,{"event-data":" 6.503614569799595E-01 "}
DEQUXT,Descending Equator Crossing w/ True Solar Time,BENNU,2021-002T02:43:09.645,37,+00000T05:46:25.613,{"event-data":" 5.910574623747654E+01 18:02:18 "}
APOAPP,Apoapsis w/ Orbit Period,BENNU,2021-002T10:16:18.301,38,+00000T13:18:08.255,{"event-data":" 1.043415913178328E+00 1.446647861331123E-01 1.800000000000000E+02 1.184568549146616E+02 2.015676150600846E+01 2.773231345125150E+02 9.196274647547874E+01 3.479493173288243E+00 8.569062402883756E+01 3.378081460825449E+08 9.547473642357877E-01 9.577651036932209E+04 "}
SPOLEX,South Polar Minimum Slant Range Crossing,BENNU,2021-002T10:43:19.438,38,+00000T13:43:52.039,{"event-data":" 9.516980607742924E-01 "}
AEQUXT,Ascending Equator Crossing w/ True Solar Time,BENNU,2021-002T18:29:36.789,38,+00000T21:49:25.539,{"event-data":" 3.558707950501219E+02 05:58:26 "}
PERIAP,Periapsis,BENNU,2021-002T23:39:18.191,38,+00000T00:00:00.000,{"event-data":" 1.038301506720620E+00 1.324367630684614E-01 0.000000000000000E+00 1.174269403726979E+02 2.039127035020494E+01 2.770960912198886E+02 9.172725787139383E+01 3.056995887327756E+02 8.537246444135086E+01 3.376625832928368E+08 6.548231183641229E-01 1.227852939782688E+01 1.794524198842852E+02 "}
NPOLEX,North Polar Minimum Slant Range Crossing,BENNU,2021-002T23:55:48.561,38,+00000T00:17:55.583,{"event-data":" 6.505636640536840E-01 "}
DEQUXT,Descending Equator Crossing w/ True Solar Time,BENNU,2021-003T05:32:10.944,38,+00000T05:51:06.050,{"event-data":" 3.311952259545567E+02 18:02:23 "}
APOAPP,Apoapsis w/ Orbit Period,BENNU,2021-003T13:00:32.643,39,+00000T13:18:00.652,{"event-data":" 1.043305475107329E+00 1.444969931304870E-01 1.800000000000000E+02 1.183743800483933E+02 2.090809421788315E+01 2.766319955344965E+02 9.307702702911688E+01 2.881807627465733E+02 2.651308693815288E+02 3.375150379321969E+08 9.546686431012904E-01 9.576130488937536E+04 "}
SPOLEX,South Polar Minimum Slant Range Crossing,BENNU,2021-003T13:33:37.098,39,+00000T13:49:28.446,{"event-data":" 9.510935409358275E-01 "}
AEQUXT,Ascending Equator Crossing w/ True Solar Time,BENNU,2021-003T21:18:04.749,39,+00000T21:53:35.076,{"event-data":" 2.687326802008334E+02 05:58:32 "}
PERIAP,Periapsis,BENNU,2021-004T02:23:59.102,39,+00001T02:24:19.028,{"event-data":" 1.038198418657118E+00 1.325006858733639E-01 0.000000000000000E+00 1.173427059605300E+02 2.116270472300410E+01 2.765861369433690E+02 9.232156274649996E+01 2.272956133671544E+02 8.468015334697304E+01 3.373647884893017E+08 6.584908933976147E-01 1.477765065622281E+01 1.794844002451668E+02 "}
NPOLEX,North Polar Minimum Slant Range Crossing,BENNU,2021-004T02:43:22.359,39,+00000T00:21:03.328,{"event-data":" 6.505705100813655E-01 "}
DEQUXT,Descending Equator Crossing w/ True Solar Time,BENNU,2021-004T08:20:40.981,39,+00000T05:55:05.063,{"event-data":" 2.440100052950527E+02 18:02:29 "}
APOAPP,Apoapsis w/ Orbit Period,BENNU,2021-004T15:44:54.565,40,+00000T13:17:57.460,{"event-data":" 1.043259104171645E+00 1.446431998576998E-01 1.800000000000000E+02 1.182984989689089E+02 2.166509003620961E+01 2.760462556744882E+02 9.411618767390394E+01 2.114077783248071E+02 2.647281492711863E+02 3.372127268016065E+08 9.524266790280486E-01 9.575492062502367E+04 "}
SPOLEX,South Polar Minimum Slant Range Crossing,BENNU,2021-004T16:23:26.692,40,+00000T13:54:35.136,{"event-data":" 9.508665094529057E-01 "}
AEQUXT,Ascending Equator Crossing w/ True Solar Time,BENNU,2021-005T00:06:25.419,40,+00000T21:56:46.604,{"event-data":" 1.817595776395241E+02 05:58:36 "}
PERIAP,Periapsis,BENNU,2021-005T05:08:13.751,40,+00000T00:00:00.000,{"event-data":" 1.038465730436009E+00 1.330279309801198E-01 0.000000000000000E+00 1.172664698320142E+02 2.193665841565970E+01 2.759934835678406E+02 9.304858884243009E+01 1.496296374450243E+02 8.397483131412822E+01 3.370579286547701E+08 6.521507009036525E-01 1.809440054461705E+01 1.795279258318381E+02 "}
NPOLEX,North Polar Minimum Slant Range Crossing,BENNU,2021-005T05:30:45.717,40,+00000T00:24:27.894,{"event-data":" 6.504655050771442E-01 "}
DEQUXT,Descending Equator Crossing w/ True Solar Time,BENNU,2021-005T11:09:05.313,40,+00000T05:59:35.051,{"event-data":" 1.569529711925175E+02 18:02:35 "}
APOAPP,Apoapsis w/ Orbit Period,BENNU,2021-005T17:01:56.894,41,+00000T13:23:15.991,{"event-data":" 1.047881222747249E+00 1.339558858105965E-01 1.800000000000000E+02 1.183644586562922E+02 2.317395499138268E+01 2.608535741745359E+02 1.113113950903975E+02 2.771071559119706E+02 2.626036894498594E+02 3.369184853447995E+08 9.478199308813433E-01 9.639198257959286E+04 "}
SPOLEX,South Polar Minimum Slant Range Crossing,BENNU,2021-005T19:09:57.595,41,+00000T16:01:55.908,{"event-data":" 9.261452572779574E-01 "}
AEQUXT,Ascending Equator Crossing w/ True Solar Time,BENNU,2021-006T02:16:29.257,41,+00000T23:34:06.278,{"event-data":" 1.472113891322103E+02 05:54:28 "}
PERIAP,Periapsis,BENNU,2021-006T05:59:22.564,41,+00001T02:46:10.778,{"event-data":" 1.047727537974339E+00 1.230614338792469E-01 0.000000000000000E+00 1.174963957733209E+02 2.412771816020964E+01 2.555981013477728E+02 1.155195926798838E+02 2.610541890981916E+02 7.771627739901039E+01 3.367645547580845E+08 6.908151501704167E-01 2.888198185727522E+02 1.788903839981303E+02 "}
NPOLEX,North Polar Minimum Slant Range Crossing,BENNU,2021-006T07:37:37.194,41,+00000T01:46:20.096,{"event-data":" 6.810580177580616E-01 "}
DEQUXT,Descending Equator Crossing w/ True Solar Time,BENNU,2021-006T13:52:31.783,41,+00000T07:54:35.730,{"event-data":" 7.584404570085567E+01 17:58:44 "}
APOAPP,Apoapsis w/ Orbit Period,BENNU,2021-006T19:23:14.844,42,+00000T13:26:56.634,{"event-data":" 1.051076939302027E+00 1.306892080177857E-01 1.800000000000000E+02 1.185553956771201E+02 2.417008403281176E+01 2.539560127764723E+02 1.188588968199179E+02 2.308099628175422E+02 2.619991099790061E+02 3.366031576079826E+08 9.555814913289448E-01 9.683326760296160E+04 "}
SPOLEX,South Polar Minimum Slant Range Crossing,BENNU,2021-006T22:13:20.121,42,+00000T16:06:46.692,{"event-data":" 9.241914854768127E-01 "}
AEQUXT,Ascending Equator Crossing w/ True Solar Time,BENNU,2021-007T05:18:20.751,42,+00000T23:38:13.370,{"event-data":" 4.146639375567123E+01 05:55:00 "}
PERIAP,Periapsis,BENNU,2021-007T08:57:59.957,42,+00000T00:00:00.000,{"event-data":" 1.047925081591319E+00 1.218119402986713E-01 0.000000000000000E+00 1.176533769731857E+02 2.485196888002453E+01 2.549495509398820E+02 1.165386384561519E+02 1.607978021163094E+02 7.753940882513918E+01 3.364372683290370E+08 6.842566621660817E-01 2.738452983237960E+02 1.789289075799472E+02 "}
NPOLEX,North Polar Minimum Slant Range Crossing,BENNU,2021-007T10:40:00.258,42,+00000T01:50:30.725,{"event-data":" 6.833799218036688E-01 "}
DEQUXT,Descending Equator Crossing w/ True Solar Time,BENNU,2021-007T16:56:44.082,42,+00000T08:00:11.124,{"event-data":" 3.268248940445756E+02 17:59:17 "}
APOAPP,Apoapsis w/ Orbit Period,BENNU,2021-007T22:22:11.528,43,+00000T13:27:18.968,{"event-data":" 1.051400150884963E+00 1.290607037940111E-01 1.800000000000000E+02 1.187144430028143E+02 2.488312938283939E+01 2.533550924078438E+02 1.198062384722242E+02 1.297551027643040E+02 2.618824774731997E+02 3.362712575918849E+08 9.576643170442800E-01 9.687793613071876E+04 "}
SPOLEX,South Polar Minimum Slant Range Crossing,BENNU,2021-008T01:16:58.607,43,+00000T16:11:11.873,{"event-data":" 9.219182202549915E-01 "}
AEQUXT,Ascending Equator Crossing w/ True Solar Time,BENNU,2021-008T08:20:26.438,43,+00000T23:40:58.160,{"event-data":" 2.953909096691296E+02 05:55:33 "}
PERIAP,Periapsis,BENNU,2021-008T11:57:48.426,43,+00000T00:00:00.000,{"event-data":" 1.047869934676126E+00 1.201842452883123E-01 0.000000000000000E+00 1.178087195084536E+02 2.556806371879566E+01 2.545211928829262E+02 1.173274481265542E+02 5.875318318833549E+01 7.740803793085404E+01 3.361005912992555E+08 6.879621711961008E-01 2.583485517787169E+02 1.788919794001273E+02 "}
NPOLEX,North Polar Minimum Slant Range Crossing,BENNU,2021-008T13:42:50.408,43,+00000T01:53:29.835,{"event-data":" 6.855502388768160E-01 "}
DEQUXT,Descending Equator Crossing w/ True Solar Time,BENNU,2021-008T20:00:50.336,43,+00000T08:03:43.013,{"event-data":" 2.179468842198867E+02 17:59:51 "}
APOAPP,Apoapsis w/ Orbit Period,BENNU,2021-009T01:22:28.183,44,+00000T13:27:12.507,{"event-data":" 1.051306654318783E+00 1.273120490561844E-01 1.800000000000000E+02 1.188719666358952E+02 2.559869159640301E+01 2.530932218221327E+02 1.204090386498611E+02 2.673987239757562E+01 2.617883136937569E+02 3.359299568236297E+08 9.578075099736703E-01 9.686501400065835E+04 "}
SPOLEX,South Polar Minimum Slant Range Crossing,BENNU,2021-009T04:19:53.495,44,+00000T16:13:20.617,{"event-data":" 9.196320709498224E-01 "}
AEQUXT,Ascending Equator Crossing w/ True Solar Time,BENNU,2021-009T11:22:14.763,44,+00000T23:40:53.828,{"event-data":" 1.897206983492126E+02 05:56:07 "}
PERIAP,Periapsis,BENNU,2021-009T14:59:07.075,44,+00000T00:00:00.000,{"event-data":" 1.047749215654731E+00 1.186621943764098E-01 0.000000000000000E+00 1.179640815998338E+02 2.629955589628249E+01 2.545752099495739E+02 1.176220483984149E+02 3.143945111782235E+02 7.735327368844025E+01 3.357544940531030E+08 6.908958389782225E-01 2.445621153135728E+02 1.787658050959884E+02 "}
NPOLEX,North Polar Minimum Slant Range Crossing,BENNU,2021-009T16:45:26.440,44,+00000T01:55:08.076,{"event-data":" 6.872705771556046E-01 "}
DEQUXT,Descending Equator Crossing w/ True Solar Time,BENNU,2021-009T23:04:19.926,44,+00000T08:06:23.599,{"event-data":" 1.099204066726835E+02 18:00:26 "}
APOAPP,Apoapsis w/ Orbit Period,BENNU,2021-010T04:23:52.275,45,+00000T13:27:29.147,{"event-data":" 1.051547445014652E+00 1.258000399120479E-01 1.800000000000000E+02 1.190288060896452E+02 2.632188226970116E+01 2.531207037666843E+02 1.207247976647128E+02 2.821185110730573E+02 2.617270977367926E+02 3.355793426526060E+08 9.458421704524431E-01 9.689829477014631E+04 "}
SPOLEX,South Polar Minimum Slant Range Crossing,BENNU,2021-010T07:22:29.473,45,+00000T16:14:41.207,{"event-data":" 9.182730125112443E-01 "}
AEQUXT,Ascending Equator Crossing w/ True Solar Time,BENNU,2021-010T14:24:19.960,45,+00000T23:41:55.019,{"event-data":" 8.365335910024797E+01 05:56:40 "}
PERIAP,Periapsis,BENNU,2021-010T18:00:17.613,45,+00000T00:00:00.000,{"event-data":" 1.048069165313416E+00 1.175098052846730E-01 0.000000000000000E+00 1.181154785770018E+02 2.702467099652465E+01 2.545116251205744E+02 1.180370515406681E+02 2.102526134482239E+02 7.728061534617846E+01 3.353993855008718E+08 6.927585647591346E-01 2.336816728184711E+02 1.785866492484862E+02 "}
NPOLEX,North Polar Minimum Slant Range Crossing,BENNU,2021-010T19:48:18.720,45,+00000T01:57:00.847,{"event-data":" 6.890776954572314E-01 "}
DEQUXT,Descending Equator Crossing w/ True Solar Time,BENNU,2021-011T02:08:09.891,45,+00000T08:08:45.982,{"event-data":" 1.419220307358552E+00 18:01:01 "}
APOAPP,Apoapsis w/ Orbit Period,BENNU,2021-011T07:25:19.387,46,+00000T13:27:45.838,{"event-data":" 1.051788932107409E+00 1.244218871116551E-01 1.800000000000000E+02 1.191827916527288E+02 2.705180112652417E+01 2.530868866430039E+02 1.211071503117004E+02 1.774229530144833E+02 2.616621159566167E+02 3.352197163770950E+08 9.558368902704825E-01 9.693167561899003E+04 "}
SPOLEX,South Polar Minimum Slant Range Crossing,BENNU,2021-011T10:25:31.512,46,+00000T16:16:03.288,{"event-data":" 9.170736743913777E-01 "}
AEQUXT,Ascending Equator Crossing w/ True Solar Time,BENNU,2021-011T17:26:54.632,46,+00000T23:42:34.070,{"event-data":" 3.368989606922267E+02 05:57:14 "}
PERIAP,Periapsis,BENNU,2021-011T21:02:30.675,46,+00001T02:47:08.301,{"event-data":" 1.048144420676472E+00 1.159035164169675E-01 0.000000000000000E+00 1.182628323923148E+02 2.775696966787911E+01 2.545712842833875E+02 1.183320560078441E+02 1.046158857234291E+02 7.723628195700537E+01 3.350350892222168E+08 7.029692888718939E-01 2.254922424546073E+02 1.783648065197506E+02 "}
NPOLEX,North Polar Minimum Slant Range Crossing,BENNU,2021-011T22:51:51.798,46,+00000T01:58:25.079,{"event-data":" 6.909442426978204E-01 "}
DEQUXT,Descending Equator Crossing w/ True Solar Time,BENNU,2021-012T05:12:18.624,46,+00000T08:10:01.971,{"event-data":" 2.524783997963916E+02 18:01:36 "}
APOAPP,Apoapsis w/ Orbit Period,BENNU,2021-012T10:28:17.160,47,+00000T13:27:47.833,{"event-data":" 1.051817796873387E+00 1.225023464159868E-01 1.800000000000000E+02 1.193296760928224E+02 2.778326159159754E+01 2.533525445646276E+02 1.211854966535410E+02 7.056167055435326E+01 2.616147893596527E+02 3.348508412943102E+08 9.570897471228708E-01 9.693566586253111E+04 "}
SPOLEX,South Polar Minimum Slant Range Crossing,BENNU,2021-012T13:28:11.353,47,+00000T16:15:28.051,{"event-data":" 9.155599470734335E-01 "}
AEQUXT,Ascending Equator Crossing w/ True Solar Time,BENNU,2021-012T22:05:15.858,47,+00000T22:39:16.468,{"event-data":" 1.393107612048397E+02 08:49:43 "}
PERIAP,Periapsis,BENNU,2021-013T00:02:10.745,47,+00000T01:00:27.408,{"event-data":" 1.867966216621403E-01 4.094164228940267E-01 0.000000000000000E+00 1.587512304465543E+02 1.953188381392294E+02 3.246164567608612E+02 6.122206302420825E+01 8.192328831592754E+01 1.935616635664602E+02 3.346625365073406E+08 4.271504960015049E-03 1.143387987679982E+02 9.586328472268134E+01 "}
EOCCSB,Begin Surface Geocentric Occultation,MOON,2021-013T06:31:11.290,0,+00000T00:00:00.000,{"event-data":" 1.846426263854736E+02 -4.056489597316624E+00 "}
EOCCSE,End Surface Geocentric Occultation,MOON,2021-013T07:17:17.255,0,+00000T00:00:00.000,{"event-data":" 1.842463766016960E+02 -4.056639789304094E+00 "}
APOAPP,Apoapsis w/ Orbit Period,BENNU,2021-015T17:02:38.370,0,+00000T00:00:00.000,{"event-data":" -1.467240797731627E+00 5.792939403929128E+01 1.800000000000000E+02 2.941122681651930E+01 5.272109767350226E+01 3.465691711444027E+02 1.532820952825125E+02 1.456093633152486E+02 9.002268330654337E+01 3.337300369459742E+08 8.329096087407835E+01 0.000000000000000E+00 "}
DEQUXT,Descending Equator Crossing w/ True Solar Time,BENNU,2021-033T03:35:07.626,0,+00000T00:00:00.000,{"event-data":" 1.922702637013745E+02 13:32:59 "}
PERIAP,Periapsis,BENNU,2021-049T00:23:11.137,0,+00000T00:00:00.000,{"event-data":" -1.544590897376469E+00 3.507080029316030E+01 0.000000000000000E+00 4.112053283866628E+01 8.739486598519007E+01 9.805035587159816E+01 1.396315395249770E+02 1.737356556957761E+02 2.698722932159292E+02 3.192113357245095E+08 5.238732982660517E+01 1.388231959597880E+02 1.061270152498378E+02 "}
SPOLEX,South Polar Minimum Slant Range Crossing,BENNU,2021-055T09:37:42.125,0,+00000T00:00:00.000,{"event-data":" 5.920933239380698E+01 "}
